{
    "Total_Trades": 680,
    "Buy_Trades": 674,
    "Sell_Trades": 6,
    "Hold_Trades": 1774,
    "Total_Return": 24.243900000000156,
    "Stock_Return": 193.3777777777778,
    "Portfolio_Volatility": 28.81507136792379,
    "Stock_Volatility": 46.08026879784911,
    "Sharpe_Ratio": 0.16080183416898422
}